Post_Hour,Impressions
7 PM to 9 PM,13463.583333333334
6 PM to 8 PM,12504.888888888889
9 AM to 11 AM,9967.833333333334
11 AM to 1 PM,9411.861111111111
