Day,Carousels,Reels,Static Posts
Friday,17.714285714285715,54.625,14.666666666666666
Monday,66.28571428571429,11.0,65.75
Saturday,120.25,72.28571428571429,46.333333333333336
Sunday,68.5,26.333333333333332,81.14285714285714
Thursday,11.0,26.5,56.0
Tuesday,10.666666666666666,44.333333333333336,396.75
Wednesday,43.666666666666664,24.285714285714285,295.57142857142856
